Data,Otwarcie,Najwyzszy,Najnizszy,Zamkniecie,Wolumen
2017-04-19,36.15,37.88,36.15,37.5,10267297
2017-04-20,37.45,38.2,37.2,38,1361524
2017-04-21,38.14,39.5,38.08,39.19,1513875
2017-04-24,39.5,39.5,38.6,39.36,664260
2017-04-25,38.86,39.94,38.72,39.15,920443
2017-04-26,39.2,39.46,37.51,38.69,472193
2017-04-27,38.69,38.69,38.18,38.55,66596
2017-04-28,38.69,38.76,37.77,38.76,181393
2017-05-02,38.55,38.7,38.08,38.7,45397
2017-05-04,39,39.48,38.7,38.8,168665
2017-05-05,38.99,39.3,38.81,38.84,127879
2017-05-08,39,39.35,37.95,39.01,146641
2017-05-09,39.03,39.33,38.21,38.6,85999
2017-05-10,38.5,38.5,38.05,38.4,71885
2017-05-11,38.4,38.4,37.6,38,246320
2017-05-12,38,38.79,37.79,38.79,98143
2017-05-15,38.5,39.15,38.5,39,481057
2017-05-16,39,39.28,38.87,38.98,190881
2017-05-17,38.75,39,38.3,38.71,24182
2017-05-18,38.31,38.59,37.76,38.23,39541
2017-05-19,38.05,39.95,38.05,39.8,233673
2017-05-22,39.79,40.56,39.3,40.5,250581
2017-05-23,40.65,40.65,40,40.35,134415
2017-05-24,41,42.03,40.35,41.48,581839
2017-05-25,41.53,41.53,40.36,40.83,267990
2017-05-26,40.75,41.5,40.75,41.45,126791
2017-05-29,41.38,41.5,41.24,41.48,5600
2017-05-30,41.69,41.69,40.65,40.65,143936
2017-05-31,40.7,41.13,40.7,41.13,239122
2017-06-01,41.29,43.18,41.29,43.01,182903
2017-06-02,43.7,46.22,43.7,45,457453
2017-06-05,45,45.8,43.92,45,89875
2017-06-06,44.6,44.7,44.23,44.49,46305
2017-06-07,44.71,45,43.95,44.39,76436
2017-06-08,44.68,44.68,43.5,43.76,193194
2017-06-09,43.99,44,43.7,43.85,8917
2017-06-12,44,44.14,43.21,43.88,13507
2017-06-13,43.88,43.9,43.6,43.85,8015
2017-06-14,44.05,44.05,43.35,43.35,271799
2017-06-16,43.35,44,43.1,43.75,203057
2017-06-19,44.99,45.3,44.56,44.9,543931
2017-06-20,45.17,45.6,45.17,45.31,84724
2017-06-21,45.95,45.95,45.19,45.19,28979
2017-06-22,45.19,45.19,45,45.1,655945
2017-06-23,45.5,45.79,45.12,45.48,56530
2017-06-26,45.79,45.93,45.51,45.8,99575
2017-06-27,45.8,45.8,45.4,45.4,13291
2017-06-28,45.4,45.6,45,45.6,21496
2017-06-29,45.9,46,45.8,46,68021
2017-06-30,45.85,46.89,45.83,46.89,121770
2017-07-03,47.13,47.32,46.52,47.1,13975
2017-07-04,47.1,47.75,46.83,46.97,139571
2017-07-05,47.3,47.3,45.25,46.5,41905
2017-07-06,46.12,47,46,47,7936
2017-07-07,47.2,47.78,46.03,46.2,242915
2017-07-10,46.2,47.2,46.2,47.2,462388
2017-07-11,47.2,47.2,47,47.15,90492
2017-07-12,47.16,48.46,47.15,48.24,268872
2017-07-13,48.25,48.3,47.53,48.3,308413
2017-07-14,48.3,48.49,47.7,48.2,88014
2017-07-17,46.11,50.2,46.11,48.41,225916
2017-07-18,48.45,49.2,48.1,48.5,66410
2017-07-19,49.8,49.9,47.15,48.9,500600
2017-07-20,48.94,50.29,48.89,50,117036
2017-07-21,50,51.44,49.9,50.04,285341
2017-07-24,50.98,50.98,49.88,50,347122
2017-07-25,50.39,50.39,50,50.15,22890
2017-07-26,50.2,50.2,50,50.05,90477
2017-07-27,50.2,51.1,50.06,50.8,49673
2017-07-28,50.8,52.77,50.8,52.38,322844
2017-07-31,53,53.6,52.47,53.4,409806
2017-08-01,53,53.5,52.57,52.75,131873
2017-08-02,53,53.5,52.76,53,71126
2017-08-03,53.11,53.38,52.37,52.37,133448
2017-08-04,52,52.76,51.5,51.5,98528
2017-08-07,51.45,51.5,49.15,50.4,169069
2017-08-08,50.99,51.39,50.5,50.99,146353
2017-08-09,50.9,51.28,50.5,50.77,15599
2017-08-10,51,51.19,50.75,51,73641
2017-08-11,50.81,50.99,50.6,50.8,26404
2017-08-14,50.92,50.92,49.37,50.39,49237
2017-08-16,50.41,50.89,49.6,50.65,179528
2017-08-17,50.05,50.5,50,50.1,88187
2017-08-18,50.1,50.39,49.99,50.15,46944
2017-08-21,50.1,50.5,50.1,50.48,11615
2017-08-22,50.5,52.85,50.1,52.48,48993
2017-08-23,52.39,52.5,52.01,52.17,398607
2017-08-24,52.18,53,52.18,53,46324
2017-08-25,52.75,53.78,52.64,53.45,21767
2017-08-28,53.11,53.7,53.01,53.6,14339
2017-08-29,53.61,54.3,53,54.28,77876
2017-08-30,55.05,57.68,55.05,57.45,453641
2017-08-31,58.2,59.47,58.2,58.98,430478
2017-09-01,59.45,59.45,58.04,58.6,153220
2017-09-04,58,59,58,58.95,45244
2017-09-05,59.05,59.2,58.1,59,80663
2017-09-06,58.88,59.5,58.65,59.5,114321
2017-09-07,59.75,64.3,59.26,61.5,330047
2017-09-08,62,63.99,61.99,62.35,231994
2017-09-11,62.5,63.29,62.35,62.5,46027
2017-09-12,62.75,63.88,62.52,63.26,53186
2017-09-13,64.29,65.59,63.35,64.98,137440
2017-09-14,65.49,65.49,65.09,65.25,38124
2017-09-15,65.4,65.6,65,65.57,95150
2017-09-18,65.6,67,60.35,61.9,207125
2017-09-19,62,62.89,58.72,62.24,267529
2017-09-20,62.8,63.83,62.5,63.8,331478
2017-09-21,64.47,64.47,63,63.43,252594
2017-09-22,63.62,63.9,63.31,63.65,74697
2017-09-25,64,64.48,63.37,63.37,23308
2017-09-26,63.6,64,62.42,63.7,254413
2017-09-27,63.99,65.39,61.68,65.39,451228
2017-09-28,65.5,66.5,65.2,65.93,352856
2017-09-29,65,66.4,65,66.35,213594
2017-10-02,66.5,67.89,66.47,67.07,123048
2017-10-03,68.4,69.3,68.2,68.72,161174
2017-10-04,69.5,69.5,67.55,67.9,184008
2017-10-05,68,69,66.8,68.75,269074
2017-10-06,68.75,68.95,68.24,68.75,410203
2017-10-09,68.75,68.75,68.3,68.6,81444
2017-10-10,68.5,69.49,68.5,68.8,129874
2017-10-11,69.01,69.36,66.91,68.65,78791
2017-10-12,69.47,69.97,68.95,69.5,89458
2017-10-13,69.95,69.95,69.49,69.75,33305
2017-10-16,69.97,69.99,68.62,68.8,95085
2017-10-17,69.4,69.4,67.77,69,82907
2017-10-18,69.2,69.2,68.62,68.8,25459
2017-10-19,69.5,69.5,66.62,67,73837
2017-10-20,67,67.29,66,66.85,134543
2017-10-23,67.5,68.34,67,67.25,101765
2017-10-24,67.32,67.8,66.42,67,450341
2017-10-25,67.2,67.2,66.33,66.98,176804
2017-10-26,67.48,68.98,67.11,68.19,235624
2017-10-27,68.5,69.57,67.52,68,520459
2017-10-30,68,69.84,68,68.6,119380
2017-10-31,68.3,69.4,68.28,68.52,337378
2017-11-02,68.52,69.5,68,68,210333
2017-11-03,68.04,69.3,67.52,67.71,178704
2017-11-06,67.74,69,67.74,67.8,147893
2017-11-07,68.33,68.33,67.11,67.4,194443
2017-11-08,67.4,68.2,63.27,66.99,415033
2017-11-09,66.99,67.03,64,64.5,485805
2017-11-10,64.5,65,64,64,262646
2017-11-13,63.51,64.92,61.22,64.4,458077
2017-11-14,67.5,67.77,64.5,66,832757
2017-11-15,68.5,68.5,65.21,66.77,552346
2017-11-16,67,67.22,65.42,66.5,457339
2017-11-17,66.8,67.9,65.54,67.2,517538
2017-11-20,67.21,68.6,66.99,67.3,379299
2017-11-21,67.5,68.44,67.5,67.99,704289
2017-11-22,68,71.1,67.9,71.1,678454
2017-11-23,71.33,73.12,71.3,72.6,601065
2017-11-24,73.2,75.15,73.19,74.7,945580
2017-11-27,74.99,77.46,74.06,74.3,946051
2017-11-28,73,77.2,73,77,641594
2017-11-29,77.01,77.5,74.45,75.42,682378
2017-11-30,75.25,75.25,71.05,72.84,5586540
2017-12-01,72.85,73.34,71.15,72.35,563578
2017-12-04,72.4,74.27,71.51,72.5,526512
2017-12-05,72.5,77.25,72.04,77.25,809881
2017-12-06,76.2,77,71.69,72.89,825537
2017-12-07,72.89,74.93,72.89,74,409642
2017-12-08,73.67,74.48,72.2,73,410681
2017-12-11,72.75,74.99,72.25,74.99,356046
2017-12-12,74.2,74.96,73.11,74.09,168738
2017-12-13,74.07,76.86,73.57,76.54,361620
2017-12-14,76.55,77.8,76.55,77.01,220594
2017-12-15,77.03,77.89,76.55,77.5,1797169
2017-12-18,77.99,77.99,74.53,76.95,162807
2017-12-19,76.63,78.32,76,78.32,165736
2017-12-20,78.4,78.4,76,76.43,134738
2017-12-21,76.78,76.98,74.62,75.2,77620
2017-12-22,75.9,76.31,74.57,74.57,45159
2017-12-27,74.6,75.99,74.6,75.6,90652
2017-12-28,75.8,77.5,75.05,77.5,51350
2017-12-29,77.5,78.8,76.01,78.8,158311
2018-01-03,78.5,82.3,76.95,81.6,280605
2018-01-04,81.6,82,80.5,81.6,111832
2018-01-05,81.95,84.35,81.55,82.5,250730
2018-01-08,84,84,82.45,83.15,178639
2018-01-09,83.6,83.65,81.15,81.45,167538
2018-01-10,81.8,81.8,77.6,78.5,474887
2018-01-11,78.7,79.9,77.5,77.5,264755
2018-01-12,77.6,78.45,77.6,77.8,140207
2018-01-15,78.2,78.25,75.3,77.8,149871
2018-01-16,78.2,79.85,77.2,79.75,189334
2018-01-17,80.05,81,78.55,80,144917
2018-01-18,79.95,83.1,79.35,82.15,385467
2018-01-19,82.7,83.9,81.7,82,213953
2018-01-22,82.5,82.85,81.05,82.85,148853
2018-01-23,82.9,83.6,80.55,83.6,167151
2018-01-24,83.5,84,82.5,83.7,86074
2018-01-25,83.95,83.95,79.5,80.2,199050
2018-01-26,81,82.9,80.8,82.9,100835
2018-01-29,83,83.25,81,82,91409
2018-01-30,81.55,82.2,81.3,82,54900
2018-01-31,82.5,83.95,82,83.5,161000
2018-02-01,83.9,85,83.25,85,250025
2018-02-02,84.5,88.2,82.4,88.2,388443
2018-02-05,86,86.5,82.5,84.7,186980
2018-02-06,81,81.65,78.3,80.25,530875
2018-02-07,83.75,83.8,81.7,83,266126
2018-02-08,83.2,83.2,80,80,155207
2018-02-09,77.95,80.5,77.4,79.65,307774
2018-02-12,80.05,81.85,80.05,81.1,160262
2018-02-13,81.9,81.95,81,81.4,117645
2018-02-14,81.8,81.9,80.15,80.35,126570
2018-02-15,81.5,81.6,80.5,80.5,89284
2018-02-16,81.45,83.9,81.1,83.25,187336
2018-02-19,83.8,83.9,82.65,83,85774
2018-02-20,83,83.75,82.45,83.3,146117
2018-02-21,83.5,83.5,81,82.35,69362
2018-02-22,82.5,82.9,80.25,82.5,123837
2018-02-23,83,84.35,82.55,83,162855
2018-02-26,84,85,82.85,84.55,143249
2018-02-27,85,85.5,83.85,84.95,114749
2018-02-28,84.3,85.5,83.2,85.35,167480
2018-03-01,84.4,85.4,83.2,83.3,106461
2018-03-02,83.05,84,82.2,83,80747
2018-03-05,82.9,84.95,81.35,84.5,102217
2018-03-06,85,86,84.55,85,90543
2018-03-07,84.95,89,84.5,89,120109
2018-03-08,88.5,88.8,87.25,88.6,146212
2018-03-09,88.6,91,87.25,90.95,117248
2018-03-12,91.15,92.6,90.6,91.45,132823
2018-03-13,91.9,92.5,90.3,92.2,83193
2018-03-14,92,92.5,90,90,106315
2018-03-15,90.05,91,89,89.75,69003
2018-03-16,89.95,91.1,88.7,91.1,460222
2018-03-19,93.25,94.75,89,90.45,166386
2018-03-20,90.45,90.45,86.2,86.2,207005
2018-03-21,87.35,90.6,86.05,90.6,235469
2018-03-22,91,91.7,87.6,89.15,127198
2018-03-23,87.9,88.5,85.5,87.5,545719
2018-03-26,87.45,88.8,85.65,85.65,148747
2018-03-27,87.45,89.6,86.25,89.35,138772
2018-03-28,88.05,88.4,84.9,84.9,175538
2018-03-29,85.55,87.7,85.1,86.85,97992
2018-04-03,86.75,86.75,84.55,85.1,91674
2018-04-04,85.15,86.7,85.15,86.35,100585
2018-04-05,86.4,87,86.4,86.9,98285
2018-04-06,87.3,90,87.05,89.55,192775
2018-04-09,89.9,91.8,88,90,149398
2018-04-10,91.3,91.4,89.3,90.95,151134
2018-04-11,91,92.45,89.35,90.45,153096
2018-04-12,90.5,92.6,90.5,91.9,106090
2018-04-13,91.9,92.5,91.25,91.9,157542
2018-04-16,92.1,92.5,91.45,92.3,65779
2018-04-17,92.3,94.5,91.5,94,122072
2018-04-18,94.5,95.25,93.4,94.5,125559
2018-04-19,95,95.2,93.5,93.5,139637
2018-04-20,93.5,94.25,90.9,90.9,87306
2018-04-23,91,91.75,90.05,90.05,94261
2018-04-24,90.8,93.1,90.5,90.5,149101
2018-04-25,91.5,92.4,90.7,91,82318
2018-04-26,91.1,91.5,90.75,90.75,95490
2018-04-27,91.4,92.4,90.85,92.25,112302
2018-04-30,92,95.5,91.5,95,208226
2018-05-02,96,97.9,94.45,95.8,109551
2018-05-04,96.45,98.5,95.8,97.1,220567
2018-05-07,97.95,98.3,95.15,96.25,77633
2018-05-08,97.15,98.85,96.35,96.65,223952
2018-05-09,98.6,98.6,97.15,98.1,125104
2018-05-10,98.7,99,97.1,97.65,108600
2018-05-11,98.9,99,97.45,98.2,161223
2018-05-14,98.2,102.3,98.2,100.5,98103
2018-05-15,100.8,102.9,98.55,100,131965
2018-05-16,103,110,103,107.1,603239
2018-05-17,106.9,112.7,104.6,112.1,309717
2018-05-18,111.9,111.9,104.2,106.1,309335
2018-05-21,107.7,109.7,102.6,103.6,245563
2018-05-22,103.7,106.9,103.6,105.8,141529
2018-05-23,106.9,107.5,102.9,102.9,152256
2018-05-24,104,109.6,103.8,108.8,212951
2018-05-25,107.7,112,107.5,112,188903
2018-05-28,110.6,111.9,106.6,108,180303
2018-05-29,107,111.4,104.2,111.2,291199
2018-05-30,110,111.4,107,111.4,550332
2018-06-01,111.2,112.9,106.2,106.7,288936
2018-06-04,108,109,106.9,108.3,177429
2018-06-05,107.9,109,106.5,107.4,121496
2018-06-06,108,108.1,105,105,216891
2018-06-07,105.5,107.3,102.2,103.1,164329
2018-06-08,103,104,100.4,102.2,192491
2018-06-11,103,103.9,100.1,100.1,230560
2018-06-12,100.2,101,96.65,100,305766
2018-06-13,100.9,103,98.85,99.9,172870
2018-06-14,101,103.9,99.6,103.3,256132
2018-06-15,103.5,104.9,101.8,102.3,169808
2018-06-18,102,102.2,98.1,98.7,213214
2018-06-19,98,99.8,95.6,99.5,423493
2018-06-20,99.55,102,98.8,100.5,385663
2018-06-21,100,102,99,102,362454
2018-06-22,102,102,96.05,98.15,388809
2018-06-25,97.1,98.95,97,97.6,38914
2018-06-26,97.65,97.65,95.95,96.9,178983
2018-06-27,96.05,101.2,96.05,100.5,365308
2018-06-28,100,102,99.95,100.5,129253
2018-06-29,101.1,104.4,101,104,363188
2018-07-02,103.5,103.8,100.3,101.3,351361
2018-07-03,102,104.8,100.6,104,289873
2018-07-04,103.9,109.7,103.9,109.3,171327
2018-07-05,109.2,112.1,106.5,106.5,324010
2018-07-06,106.9,108,103.5,103.5,262383
2018-07-09,104.6,104.9,100,100.6,337376
2018-07-10,101,101.7,98.75,99.5,604486
2018-07-11,99.9,101.5,98.6,101.2,202416
2018-07-12,101.4,101.5,99.8,100.4,171892
2018-07-13,100.5,102.4,100.2,101,190801
2018-07-16,102.4,103.4,100.6,103.4,142315
2018-07-17,103.5,103.5,101.7,102.4,279186
2018-07-18,102.5,102.9,99.6,101.2,135575
2018-07-19,100.4,101.8,99.8,101,101262
2018-07-20,102,105,101.5,104.6,184184
2018-07-23,105,106,104.3,105.4,128612
2018-07-24,104.6,105.9,103.1,103.1,148774
2018-07-25,103.2,105.8,103.2,104.3,112315
2018-07-26,103.7,104.4,101.2,101.8,175711
2018-07-27,102,102.5,100.1,101,135268
2018-07-30,101,101.2,97,97.55,218885
2018-07-31,97.55,101.8,97,100.2,303439
2018-08-01,100.2,101,99.4,100.7,128047
2018-08-02,100,100.7,97.7,98.5,81412
2018-08-03,99,99,97.25,98.5,97841
2018-08-06,98,99.95,97.8,99.9,136261
2018-08-07,99.85,100.5,98.45,100.1,84567
2018-08-08,100,103.4,99.5,103.4,143517
2018-08-09,103.1,104,100.9,103.3,76208
2018-08-10,101.9,102.5,99.8,101.3,87255
2018-08-13,100.4,100.9,98.8,99,50981
2018-08-14,99,100.7,97.5,99.4,102389
2018-08-16,100.2,100.2,97.5,97.55,57053
2018-08-17,98.5,101.5,97.7,101.2,108647
2018-08-20,101.8,102.9,98.1,98.2,109692
2018-08-21,98.4,100,97.4,98,69850
2018-08-22,101.3,102.3,93.55,95.8,477651
2018-08-23,95.2,95.65,90.55,94.6,958041
2018-08-24,94.5,94.55,91.6,92.3,293763
2018-08-27,94.65,94.65,92,92.95,149351
2018-08-28,93,93.45,91.8,93.1,405309
2018-08-29,93.5,93.5,92.25,93,99340
2018-08-30,93,93.5,92.6,93.1,80153
2018-08-31,93.1,93.1,90.2,91.3,292305
2018-09-03,91,92.25,89.1,90.95,73792
2018-09-04,90.95,92,88.25,88.5,156706
2018-09-05,89,89.9,86.7,87.75,187098
2018-09-06,87.3,88.15,85.55,88.1,148886
2018-09-07,87.9,88.5,86.15,88,235068
2018-09-10,88.6,89.8,86.6,88.3,109012
2018-09-11,88.2,88.2,85.05,86,363421
2018-09-12,85.1,90.6,84.75,88,187668
2018-09-13,88.4,91.1,88.1,90.5,97734
2018-09-14,91.5,94.85,88.75,94.4,173660
2018-09-17,94,95.3,93.1,95,221784
2018-09-18,95.65,96.1,94.1,94.85,171918
2018-09-19,94.95,95.5,94.05,94.95,69998
2018-09-20,94.9,95.35,93.3,95,158289
2018-09-21,95,96.05,94.25,94.5,839716
2018-09-24,95.15,99.2,95.15,99.2,110532
2018-09-25,98.5,99.5,97.2,97.4,80750
2018-09-26,98,100.8,97.1,100.8,148589
2018-09-27,99.1,100,99,99.3,323560
2018-09-28,99.05,99.85,98.2,99.6,217524
2018-10-01,99.25,99.6,96,97.85,71567
2018-10-02,97.85,98.3,96,96,195825
2018-10-03,95.7,96.9,95,95.3,97188
2018-10-04,95.95,95.95,94.25,95.6,176717
2018-10-05,95.1,95.85,93.15,94.3,167884
2018-10-08,94,95.4,91.95,91.95,145757
2018-10-09,91.7,93.95,88.7,90,256057
2018-10-10,90,91.7,89,89.85,178704
2018-10-11,88,90.1,87,88.15,233030
2018-10-12,88,90.45,88,90,188902
2018-10-15,90.9,91.3,88.6,89.5,142395
2018-10-16,89.7,93.45,89.45,93.35,113059
2018-10-17,93.75,94,92.2,92.75,89513
2018-10-18,92.2,92.75,88,88.05,279776
2018-10-19,88.95,89,87.05,88.15,236424
2018-10-22,87.15,88.9,87,88,143168
2018-10-23,86.9,89.5,86.15,89,211144
2018-10-24,88.15,91.8,86,86.45,232846
2018-10-25,85.7,86.7,83.8,86.5,96669
2018-10-26,86.6,87.7,84.6,85.5,126726
2018-10-29,85.5,85.5,81.6,82,203173
2018-10-30,82,84.65,82,84,225815
2018-10-31,85,86.2,83.7,84.5,284278
2018-11-02,85.85,86.6,84.5,84.7,252667
2018-11-05,84.95,86.15,84.4,84.7,175798
2018-11-06,85,85,79.15,80.95,271378
2018-11-07,81,81.5,77.15,77.45,657463
2018-11-08,78.95,81.8,77.15,81.25,346360
2018-11-09,81,81.1,75.6,79.5,434477
2018-11-13,79.4,83.95,78.6,83.4,214759
2018-11-14,83.6,89,82.2,87.65,412897
2018-11-15,89.05,91.7,87.15,90.55,466625
2018-11-16,90,90.75,85.5,85.65,276729
2018-11-19,86.25,86.8,83.3,85,152478
2018-11-20,83.55,84.1,82.75,83.75,92823
2018-11-21,83.75,85.8,83.5,85.6,110299
2018-11-22,86,88,85,86.95,85017
2018-11-23,87,87.85,85.9,86.5,33553
2018-11-26,86.8,88.5,83.05,83.5,132588
2018-11-27,83.6,87,83.6,86.8,108774
2018-11-28,86.35,90.5,85.7,90.5,121502
2018-11-29,90.6,96.8,90.5,95,331252
2018-11-30,94.65,97.35,92.05,97.35,395917
2018-12-03,97.25,99.2,96.15,99,272293
2018-12-04,98.95,100.5,98.25,100.4,213347
2018-12-05,99,102.9,97.35,102.5,211859
2018-12-06,101,101.1,98.05,99.2,282321
2018-12-07,98.5,101.1,96.65,98.6,312797
2018-12-10,96.65,98.6,96.65,98.15,128509
2018-12-11,97,100.1,96.85,98.65,164029
2018-12-12,99.15,99.2,96.1,98.15,120726
2018-12-13,99,100.6,98.5,99.8,161280
2018-12-14,99.45,99.8,98.1,98.6,81906
2018-12-17,99.3,100.3,98,100,111627
2018-12-18,100,102,98.2,101.5,113545
2018-12-19,101,102.8,100.3,102,207142
2018-12-20,100.8,100.8,96.85,97.6,247663
2018-12-21,97.6,98.95,96.05,98.95,259579
2018-12-27,99.8,101.5,94.05,94.05,144139
2018-12-28,95.05,96,93.2,95.85,138688
2019-01-02,95.9,97.9,95.9,97.3,93325
2019-01-03,97.65,98,97.15,97.25,84588
2019-01-04,97.95,98.25,96.2,97,270727
2019-01-07,96.4,98.1,96.4,98,116540
2019-01-08,98,101,97.2,101,205061
2019-01-09,101,104,100.7,102.5,281311
2019-01-10,102.5,103,101.2,102.6,102939
2019-01-11,102,104.5,102,104.1,146527
2019-01-14,102.5,104.7,102.5,104.1,225898
2019-01-15,104.5,104.7,101,101.4,181521
2019-01-16,101.8,104.8,101.8,104.8,138199
2019-01-17,104.7,105.8,101.8,102.2,217172
2019-01-18,102.3,103.7,101.5,102.6,217772
2019-01-21,102.6,103.3,100.5,101,302444
2019-01-22,101,101.1,97.7,98.65,467818
2019-01-23,98.6,103.9,98.5,103.9,190664
2019-01-24,104.4,104.4,101.7,103.3,197813
2019-01-25,104.4,104.4,102,103.5,121550
2019-01-28,103.5,103.5,100.8,102.6,55135
2019-01-29,103,103.1,100.1,103.1,67831
2019-01-30,102.6,103.3,100,100.2,243026
2019-01-31,101,102.8,100.2,100.3,119522
2019-02-01,100.3,101.9,100.3,101.9,47072
2019-02-04,101.6,102.1,100.4,102,68346
2019-02-05,102,102,100.6,101.2,95845
2019-02-06,101.9,101.9,100.3,100.3,67723
2019-02-07,101.3,101.3,99.15,100.3,69173
2019-02-08,100.3,100.3,97.75,98.6,76710
2019-02-11,98,99.85,97.65,97.65,161251
2019-02-12,97.8,100.3,97.8,99.15,194062
2019-02-13,99.5,99.55,95.15,95.15,205415
2019-02-14,96.35,96.5,93.7,93.7,99707
2019-02-15,93,95.05,91.6,93.25,112095
2019-02-18,94.5,95.95,92.65,94.5,107967
2019-02-19,94.8,94.8,93,93.2,56687
2019-02-20,93.4,94.85,93,93.8,68332
2019-02-21,94.75,97.9,94.25,97.9,149423
2019-02-22,97.5,97.5,96,96.35,91230
2019-02-25,98.5,105.4,98.3,103,470136
2019-02-26,102.8,104.7,102.4,104,127835
2019-02-27,104.2,108.9,103.1,108,400407
2019-02-28,107.5,109.5,106.6,107,358755
2019-03-01,107.9,110.8,107.2,110,388719
2019-03-04,109,111.3,109,109.7,216641
2019-03-05,108.8,109.5,108,109,145765
2019-03-06,109.5,113,109.2,112.1,151492
2019-03-07,112.3,113.5,112,113.2,86883
2019-03-08,112,113.9,111.2,113.5,131465
2019-03-11,113.5,113.9,111.7,113,184079
2019-03-12,113.1,114.7,112.8,113.5,149653
2019-03-13,113.9,114.1,111.5,112,137390
2019-03-14,111.6,112.3,106.8,109,211746
2019-03-15,110,112.4,108.6,111.7,711723
2019-03-18,112.6,116,112,116,237151
2019-03-19,116,121.7,114,120.5,304484
2019-03-20,120.1,124.8,120.1,123.6,489999
2019-03-21,124.6,124.8,122.4,124.5,125911
2019-03-22,124,124.4,122.6,122.9,279246
2019-03-25,121.5,123.2,119.9,122.1,92583
2019-03-26,121.8,124.8,121.3,124.1,193534
2019-03-27,124.5,124.5,120,120.1,149678
2019-03-28,121.5,123,119,120.3,105082
2019-03-29,121,121.5,118.1,121,309036
2019-04-01,121,126.8,120.4,126.1,245291
2019-04-02,127.1,132.5,126.6,132,205721
2019-04-03,133.1,134.9,127.8,129.5,226820
2019-04-04,128.6,130.3,125.5,126,240789
2019-04-05,128.7,130,126.3,127,223859
2019-04-08,127.5,132.3,126.5,132,211847
2019-04-09,132,133.4,130.4,131.8,204093
2019-04-10,131.7,133.5,130.4,133.5,395264
2019-04-11,133.5,133.5,130.1,131,141675
2019-04-12,131.8,132.9,130.1,131,91317
2019-04-15,131.5,132.2,123.5,124,204590
2019-04-16,124.2,126,120.3,121,233924
2019-04-17,121.6,126.2,120.5,123.6,254081
2019-04-18,123.6,125,121.8,125,49597
2019-04-23,125.3,125.8,120.8,122,161402
2019-04-24,122.7,126.4,122,126.4,168513
2019-04-25,126,126.9,124.1,124.9,115090
2019-04-26,125,127,123.7,127,100719
2019-04-29,126.9,127.7,124.9,126,97567
2019-04-30,127,127.4,125.3,127,133771
2019-05-02,125.9,126.4,122,124.4,215785
2019-05-06,123.1,126.7,121.8,126.3,117069
2019-05-07,127,127,123.9,124.1,128523
2019-05-08,125.2,126.4,124.2,124.9,78178
2019-05-09,124.9,127,122.2,123.5,164244
2019-05-10,126,128.4,124.1,127.3,174798
2019-05-13,127.5,127.5,126,127.3,88626
2019-05-14,127.1,131,127,127.5,168246
2019-05-15,128,131.1,127.3,130.4,100027
2019-05-16,131.1,131.5,113.2,114.1,783979
2019-05-17,114,115,108,112.7,892644
2019-05-20,112.4,118.9,112.4,117.5,154609
2019-05-21,117.8,123.8,116.4,123.6,242052
2019-05-22,122.7,129,122.7,128.9,206315
2019-05-23,126.3,129,126.3,126.9,181022
2019-05-24,127,128.3,126.1,126.5,181233
2019-05-27,125.5,127,121.9,125.6,31070
2019-05-28,125.7,125.8,122.4,124,345345
2019-05-29,123.7,124.5,120.4,122.4,127010
2019-05-30,123.2,124.7,120.5,123,86728
2019-05-31,123.8,125,122,124.4,133794
2019-06-03,125,127.9,124.2,126.8,130650
2019-06-04,126,127.8,125.1,126.4,146451
2019-06-05,127.1,127.2,124.6,125.8,108368
2019-06-06,126.3,126.9,123.2,125.5,227021
2019-06-07,125.5,126.9,124.7,125.7,125795
2019-06-10,125.2,126.8,124.1,124.7,66819
2019-06-11,124.2,124.2,121.7,123.2,99532
2019-06-12,122.1,125.2,121,122,127750
2019-06-13,123.2,128,122.5,126.1,106858
2019-06-14,125.4,128.5,124.7,127,133867
2019-06-17,127.3,127.8,125.9,127.2,79796
2019-06-18,126.3,135.7,125.8,135.4,181979
2019-06-19,135,135.4,131.9,134.6,105460
2019-06-21,134.6,136,129.3,130.8,347758
2019-06-24,131.3,131.6,127.2,128.7,122110
2019-06-25,128.6,131,128,130.5,134522
2019-06-26,130.7,130.7,127.6,127.6,81449
2019-06-27,128,130.5,127.9,129.6,149794
2019-06-28,129.1,131.2,128.4,130.9,108853
2019-07-01,132.4,135,131.1,134.5,120970
2019-07-02,135,137,127.8,136,242236
2019-07-03,136,137.3,132.5,136.8,129990
2019-07-04,137,139.5,134.7,139,85606
2019-07-05,138.7,139.9,136.3,137.4,127919
2019-07-08,137.4,138.5,135.4,138.1,36826
2019-07-09,138,141.3,134.6,141.3,139521
2019-07-10,140.9,143.5,139.5,141,193502
2019-07-11,141.8,142.6,141,142.6,99541
2019-07-12,142.8,145.8,142.7,144.8,194484
2019-07-15,146,148.4,145,146.7,86404
2019-07-16,146.5,149,143.9,145.3,299270
2019-07-17,145,145.3,142.3,143,68803
2019-07-18,142.1,143.5,141.4,142.4,139811
2019-07-19,143.4,146.3,143,146,106148
2019-07-22,145,147.3,143.7,146.4,144175
2019-07-23,147.2,148.5,146.7,148,121954
2019-07-24,147.7,148.4,143.7,145.8,135023
2019-07-25,146.9,146.9,144.1,144.1,103564
2019-07-26,144.1,145.6,142.6,142.6,169459
2019-07-29,142,145,141.5,142.6,58672
2019-07-30,142.6,144.7,142,144.4,55047
2019-07-31,144.4,146.1,143,146.1,124838
2019-08-01,145,147.4,142.2,143.8,129236
2019-08-02,142.2,148,142.2,147.5,191441
2019-08-05,145.9,148,143.6,143.7,143497
2019-08-06,143.7,144,142.3,142.8,212588
2019-08-07,142.7,144.7,142.3,143.1,107910
2019-08-08,143.2,143.2,140.2,140.2,105318
2019-08-09,139.5,142.7,138.4,139.8,97545
2019-08-12,139.8,140.1,135.8,135.9,121653
2019-08-13,136.2,136.8,132.1,134.3,185166
2019-08-14,133.1,134.6,130.1,130.1,173666
2019-08-16,131,133.8,130.5,132,174992
2019-08-19,132.8,137.4,132.6,134.6,167944
2019-08-20,141,149.5,139,148,398158
2019-08-21,147.8,152.9,146.5,150.8,132035
2019-08-22,151.4,154.7,149.6,149.6,206111
2019-08-23,150,152.2,147.1,147.1,106695
2019-08-26,145.4,153.8,144.7,149.9,238358
2019-08-27,149.6,152.2,144,145,381111
2019-08-28,146.5,147.7,143.1,144,135143
2019-08-29,145,150,144,149.1,152144
2019-08-30,149.2,154.5,147.8,153.8,120210
2019-09-02,154.2,159.5,154.1,158,152132
2019-09-03,157.9,158.9,155.6,158,150209
2019-09-04,159,160.5,156.8,157.6,101886
2019-09-05,157.6,158.3,154.9,154.9,63868
2019-09-06,155.1,157.1,152.6,153.2,137279
2019-09-09,153.1,153.2,147.4,147.4,232413
2019-09-10,147,154.7,144,152,292656
2019-09-11,153,159.7,153,159.7,321985
2019-09-12,160,161.4,157.7,160.4,122493
2019-09-13,159.1,160.5,158.5,160,246298
2019-09-16,159.5,159.5,154,155,221479
2019-09-17,155,157.7,152.9,153.3,122616
2019-09-18,154.4,157,153.8,156,93691
2019-09-19,154.7,156.7,153.2,154.9,62618
2019-09-20,155.7,157.8,152.3,152.6,322729
2019-09-23,153.7,155.6,152,153.6,118235
2019-09-24,155.1,157.1,153.2,155,123204
2019-09-25,154.1,156.4,152.5,155.8,143467
2019-09-26,156,158.4,153.8,156.3,188312
2019-09-27,157.6,159.7,156.8,158.5,99022
2019-09-30,158.7,158.8,154.6,157,105651
2019-10-01,155.7,155.7,152.7,153.2,147622
2019-10-02,152.7,154.9,150.3,150.4,291638
2019-10-03,150.1,154,150.1,150.5,62262
2019-10-04,150.8,154,150.4,150.6,65178
2019-10-07,150,150.6,147.1,148,125060
2019-10-08,148,150,145.9,147.5,97968
2019-10-09,147.2,147.2,144.8,144.8,65354
2019-10-10,145,145.9,143.9,144.3,152573
2019-10-11,144.9,147.4,144,146.3,88567
2019-10-14,147,148,144,146,73967
2019-10-15,146,146.7,144.6,145.6,86707
2019-10-16,146.1,147.8,144,144,81374
2019-10-17,144,151,144,150.3,76069
2019-10-18,150,152.7,148,150.4,80546
2019-10-21,149.9,151,144.5,145.2,138445
2019-10-22,145.7,147.3,143.9,146.4,120364
2019-10-23,146,147,140.6,141,173026
2019-10-24,142.2,143.5,140.3,141.1,172668
2019-10-25,141.5,144.9,140.8,142.6,87395
2019-10-28,143,146,140.5,144.1,106595
2019-10-29,145,148.4,143.8,146.5,92104
2019-10-30,147,148.5,145.4,147.4,71381
2019-10-31,148.6,149.5,146,149,171756
2019-11-04,150,157.5,149.5,157.3,257937
2019-11-05,157.6,158.9,152.3,154,198954
2019-11-06,152.8,153.7,149.3,149.4,99289
2019-11-07,152.4,158.9,152,157.8,168832
2019-11-08,155,155,141.3,141.6,768587
2019-11-12,139,148.9,133.2,146.7,447440
2019-11-13,145.3,146,137.4,138,569091
2019-11-14,138.5,138.5,134.2,135.5,397213
2019-11-15,135.2,140.5,135.2,139.1,155028
2019-11-18,139.1,142.4,138.4,141.9,141129
2019-11-19,140.9,142.2,140,141.5,136739
2019-11-20,139.7,140.3,135.5,135.6,132690
2019-11-21,136.4,138,134.6,136,159852
2019-11-22,136,137.3,134,134,156783
2019-11-25,135,136,134.1,134.2,86699
2019-11-26,134.1,134.2,131.6,132,557818
2019-11-27,132.1,133.7,132.1,133.6,189823
2019-11-28,134.5,134.5,132.8,133.4,50100
2019-11-29,133.4,137.5,133,135.2,552519
2019-12-02,138,138.8,135.1,136.3,543474
2019-12-03,136.3,137.1,135.6,136.4,273059
2019-12-04,136.9,136.9,134.2,136,241573
2019-12-05,136.7,136.7,134.2,136,151447
2019-12-06,135.2,138.2,134.7,137.4,245832
2019-12-09,137.5,137.5,135.7,136.5,204535
2019-12-10,137.5,138,134.9,137.5,231709
2019-12-11,137.5,139.9,137.1,138.7,190642
2019-12-12,139.9,142.5,139.2,141.5,161081
2019-12-13,142.5,143,138.9,139.8,89993
2019-12-16,139.8,140.6,139.4,140,382902
2019-12-17,140.8,141,138.1,138.4,141519
2019-12-18,139.3,139.3,136.7,137.8,98965
2019-12-19,138.9,140.7,137.8,140,140911
2019-12-20,140,142.9,140,142,210891
2019-12-23,141.1,141.9,139.5,141.3,68372
2019-12-27,142,144.9,142,143.9,69438
2019-12-30,143.8,145.4,143.8,144,69720
2020-01-02,144.3,145.2,142,145.2,161952
2020-01-03,144.7,144.7,141.8,141.8,159715
2020-01-07,141.7,145.4,140.1,143.3,164973
2020-01-08,142.5,142.9,141.8,142.3,51186
2020-01-09,142.7,145.3,142.7,145.2,105254
2020-01-10,145.6,150.8,144.6,150.5,203425
2020-01-13,150.5,161.8,150.2,159.7,309990
2020-01-14,159.5,159.6,152.5,152.5,204476
2020-01-15,153,156.8,153,156,105211
2020-01-16,156.9,156.9,153.3,153.3,104836
2020-01-17,154,158.1,153,155.6,89297
2020-01-20,155.1,159.6,155.1,159.3,84647
2020-01-21,159.3,160.3,156.3,159.6,225482
2020-01-22,159.6,166.9,159.2,166.9,205201
2020-01-23,166.9,171.5,166,167.7,212020
2020-01-24,166,168,161.8,161.8,131625
2020-01-27,160,161.8,153.6,153.9,272390
2020-01-28,155,157.3,155,155.1,77130
2020-01-29,155.3,159.9,155.3,158.7,126399
2020-01-30,157.3,160.5,156,159,88340
2020-01-31,161,162.8,159.4,162.5,223593
2020-02-03,161.5,169,161.5,167.9,162639
2020-02-04,167.8,168.4,163.1,164.7,228789
2020-02-05,164.6,171.4,164.6,168,195225
2020-02-06,168,168.9,162.5,166,183159
2020-02-07,165.2,165.2,161.5,162.3,160650
2020-02-10,162.5,165.4,162.5,164.3,111323
2020-02-11,164.4,165.3,160.1,163.1,97328
2020-02-12,163.2,166.8,162.9,165.6,182399
2020-02-13,165,167,163.7,167,54327
2020-02-14,167.8,167.9,160.9,162.1,180384
2020-02-17,163.5,165.2,162.4,164.6,93758
2020-02-18,162.1,167,162.1,166.9,57012
2020-02-19,166.5,171.4,166.5,169.5,226014
2020-02-20,169.7,169.8,167.3,167.4,150456
2020-02-21,167.9,169.4,165.7,166.8,150544
2020-02-24,165.7,165.7,159.2,159.3,208591
2020-02-25,159.3,161.3,156.1,157.9,305464
2020-02-26,157.9,161,153.8,156.1,211736
2020-02-27,156,156.5,143.9,146,331571
2020-02-28,139.4,145.7,136.4,141.8,567867
2020-03-02,146.6,154.7,146.6,151.8,375327
2020-03-03,153,161.1,153,155,343482
2020-03-04,152.2,158,152.2,154.7,134702
2020-03-05,157.4,159.2,155.2,157.9,133927
2020-03-06,156,157.2,153.2,156.5,137724
2020-03-09,145,152,144.7,145.6,199497
2020-03-10,146.2,153,146,149,417074
2020-03-11,149,150.7,141.6,145,327625
2020-03-12,136.5,138.6,125,125,438299
2020-03-13,127.5,140.2,127.5,137.5,704396
2020-03-16,135,143.2,133.2,136,458607
2020-03-17,139.8,152.3,137.6,151.8,463479
2020-03-18,153,165,141.2,148.4,486703
2020-03-19,143,151.4,143,149.5,389520
2020-03-20,150,154.3,144,148.2,605562
2020-03-23,144,150,141,142.3,193137
2020-03-24,147.2,150.2,144.1,149.3,263678
2020-03-25,150.2,152.2,143.4,147.4,164146
2020-03-26,144.5,152,143.4,150.5,196338
2020-03-27,152.2,152.2,148,151.2,143175
2020-03-30,151.4,162.9,149.5,162,291223
2020-03-31,161.5,165.6,155.3,162.1,322031
2020-04-01,157,160.7,154.2,158,153699
2020-04-02,157.5,158.9,152.8,158.7,154592
2020-04-03,156.5,164.2,156.3,164.2,275056
2020-04-06,168,169.9,164.3,166,230598
2020-04-07,169.6,169.6,164.9,165.2,199478
2020-04-08,165,169.4,164.4,166.7,211820
2020-04-09,165.7,168.8,165.7,168.6,173868
2020-04-14,169,170,167.7,170,162719
2020-04-15,170,172.4,165.5,166.1,188705
2020-04-16,168.8,170.2,165.9,170.2,169131
2020-04-17,172,187.5,171.7,186,538281
2020-04-20,184.9,184.9,180.2,184,186979
2020-04-21,181.6,183,174.3,175.9,195252
2020-04-22,175.8,184.3,175.4,184.1,181697
2020-04-23,183.6,189.2,182.3,188.9,297198
2020-04-24,183,184.6,175,175,311989
2020-04-27,178,181.3,175.6,178,124812
2020-04-28,179.7,185.9,179.2,179.8,159017
2020-04-29,179.6,179.9,172,173.6,207727
2020-04-30,174,176.5,172.9,174.6,147859
2020-05-04,170.1,175.3,168.2,173.7,129938
2020-05-05,174,175,169,169.5,280180
2020-05-06,170,173.2,166,167,151854
2020-05-07,168.1,172.9,164.4,169.3,145180
2020-05-08,170.5,171.7,168.3,169,97513
2020-05-11,167.9,170,160.5,161.2,358563
2020-05-12,161,161.5,153.3,157,377771
2020-05-13,155.8,157.7,154,157,394404
2020-05-14,154.7,155.5,151.3,153.8,412569
2020-05-15,155,155.8,148.1,155.6,474247
2020-05-18,170,172.8,165.6,171.2,488694
2020-05-19,172,173.7,170,171.5,142879
2020-05-20,171,171.5,167,167.2,218687
2020-05-21,168,170,167,167,129460
2020-05-22,165.4,175.8,163.8,175.4,193391
2020-05-25,175.8,181.8,173,180.8,153204
2020-05-26,182,184.5,181.2,184.2,286229
2020-05-27,184.5,184.5,174.2,174.9,242572
2020-05-28,179,181.1,175,180.6,215025
2020-05-29,179.9,182.6,179.3,182.6,469096
2020-06-01,183.6,185.4,180.7,182.8,131520
2020-06-02,181.8,186.3,180.9,185.7,177229
2020-06-03,186.1,195.3,184,194.5,415705
2020-06-04,191,195.9,189.7,195,383475
2020-06-05,195.8,196.1,190,191.8,430134
2020-06-08,191,192.5,186.1,190.1,202035
2020-06-09,190,191.7,188.1,189.9,165793
2020-06-10,189.4,193.9,187.8,193.7,126660
2020-06-12,188.1,197.9,187.5,196.8,199164
2020-06-15,193,208,191.6,197.6,294211
2020-06-16,202,202.2,196.7,197.8,158967
2020-06-17,198.2,199.6,195.7,199,151026
2020-06-18,199.9,199.9,195.2,195.9,142941
2020-06-19,195.9,204,195.9,202.8,342126
2020-06-22,202.8,204.8,198.2,202.2,237522
2020-06-23,203.8,207.8,201.8,205.8,117337
2020-06-24,207.8,207.8,200.4,201,98367
2020-06-25,199.8,200,194,198,324002
2020-06-26,197.3,204,197,201.2,142734
2020-06-29,198.3,201,196.8,198.1,90734
2020-06-30,197.7,202.4,197.2,200.6,285865
2020-07-01,198.2,200,193.8,199.1,132108
2020-07-02,197.7,200.4,197.7,198.9,176719
2020-07-03,198,201.6,198,198.2,57903
2020-07-06,201,202,198.1,201.8,107915
2020-07-07,203,207,201.4,203,330379
2020-07-08,203.2,203.2,198.4,199,232646
2020-07-09,200,200.6,193.9,196.2,190262
2020-07-10,196.5,202,196.4,201.8,202560
2020-07-13,202.2,203.2,198.8,203.2,142095
2020-07-14,202.4,203,199,200,182156
2020-07-15,201,201.4,199.2,201,127360
2020-07-16,201.4,201.4,198.2,199.6,69413
2020-07-17,200,202,199.7,202,109544
2020-07-20,201,202.8,199.5,200.4,80128
2020-07-21,201.4,204,198.8,201.2,161063
2020-07-22,200.8,206.4,200.8,205.8,132480
2020-07-23,206.4,206.6,204.6,206.4,74904
2020-07-24,202.2,204,198.6,200,120718
2020-07-27,201.4,201.4,199.1,199.7,29756
2020-07-28,199.3,200.2,196.2,199.5,84729
2020-07-29,200.8,203,198.5,202.8,52384
2020-07-30,202,202.8,199.3,200.2,65557
2020-07-31,202.8,208,201.2,207.8,211105
2020-08-03,209,232,209,226.6,348305
2020-08-04,227,229.4,213.2,216.4,198258
2020-08-05,216.4,218.8,214.2,215.6,85994
2020-08-06,216.4,226.4,216.4,223.8,205597
2020-08-07,223.8,229,223.6,227.4,174582
2020-08-10,227.4,227.4,218.6,220.4,206488
2020-08-11,222.8,222.8,219,219,110950
2020-08-12,220,220,215.2,216,90210
2020-08-13,217.2,228.2,217.2,225.8,117507
2020-08-14,227,233.4,226,229.6,113036
2020-08-17,230,233.6,228.4,233.6,113945
2020-08-18,232,237.6,229.2,235.2,298297
2020-08-19,236.4,241.8,235.6,238,198269
2020-08-20,238.2,239.4,235,235.8,213430
2020-08-21,240,242,236,238.6,137162
2020-08-24,241.2,243,238.6,241.6,135776
2020-08-25,242.4,243.2,239,240.4,229275
2020-08-26,240.4,240.4,235,238.6,101136
2020-08-27,238.2,238.2,231,231,126734
2020-08-28,231.6,233.2,226.2,227,124150
2020-08-31,227,230.4,222.6,223.6,286607
2020-09-01,224,226,217.6,218,162278
2020-09-02,222.4,229.2,220.4,223,298652
2020-09-03,225,226.6,218,218,197060
2020-09-04,216,222,212.2,221,132722
2020-09-07,222.2,222.2,217.4,219.4,51113
2020-09-08,220,221.8,214.2,218,84943
2020-09-09,220,222,214.6,221.8,95419
2020-09-10,221.8,224.8,218.8,221,134916
2020-09-11,223.4,223.4,219.6,220,140203
2020-09-14,220.4,222.4,218.6,221,96021
2020-09-15,220,229,219,222.2,124129
2020-09-16,225,226.4,222.4,224.4,70529
2020-09-17,232,232,225,229.8,203518
2020-09-18,231.2,238.8,229.4,238.2,584632
2020-09-21,233.4,235.8,220.4,223,104817
2020-09-22,224,228,222,224,57809
2020-09-23,226.6,235.8,225.4,233,117339
2020-09-24,230.6,232.8,227.4,229.2,68487
2020-09-25,229.2,230,223.2,224.2,77397
2020-09-28,226,229,226,229,55596
2020-09-29,226.2,233.2,226.2,228.6,136024
2020-09-30,230.2,233,225.6,227.8,265160
2020-10-01,231,232.6,227.2,230,83599
2020-10-02,229,230.2,226.4,227,231705
2020-10-05,228,229.8,222.4,227.4,125383
2020-10-06,226.6,228.8,225,226.8,68187
2020-10-07,227,228.8,220.2,222.2,225379
2020-10-08,222.2,224,217.4,217.4,163329
2020-10-09,216.2,219.8,209.4,215.2,260019
2020-10-12,215,218,213.2,217,497316
2020-10-13,215.4,219,211.4,214.6,545353
2020-10-14,211,222.2,211,216.2,697791
2020-10-15,220,230.8,218.2,224.8,386077
2020-10-16,226.6,240,226.2,238.8,293350
2020-10-19,238.8,240.8,231.4,234.2,143915
2020-10-20,234,239.6,231.4,234.6,190765
2020-10-21,232.8,232.8,225.2,230,172285
2020-10-22,228.4,229.8,224.2,226.8,246543
2020-10-23,227,234,222.6,224.4,216588
2020-10-26,222.2,227,219.2,220.2,85756
2020-10-27,219,223.6,216,221.8,197634
2020-10-28,220,222.4,211,217.4,294970
2020-10-29,217,226.8,213,213.6,253319
2020-10-30,211,218.4,210.6,217.4,170227
2020-11-02,218.8,230,218.2,226.6,151000
2020-11-03,226,229.8,221.4,224.2,177874
2020-11-04,221,230.8,221,229.8,87399
2020-11-05,232.4,246.6,231.2,246,163148
2020-11-06,251,275,251,275,834404
2020-11-09,277.8,285.8,258,260,581352
2020-11-10,261,269.6,257.4,266,327035
2020-11-12,259,262.6,252.2,257.6,442248
2020-11-13,258.4,271,257.2,265.2,223625
2020-11-16,267.6,271.2,266,271,208187
2020-11-17,268.4,271.6,265.6,270.4,190835
2020-11-18,271.8,276.4,266.6,274.8,196072
2020-11-19,270.4,271.4,266.4,268,77256
2020-11-20,267,272.2,265,272.2,63501
2020-11-23,269.2,270.6,256.4,260,207798
2020-11-24,263,266.6,258.2,265.6,120289
2020-11-25,265,265,251.8,253.4,291215
2020-11-26,256.2,258.8,252.4,255,88807
2020-11-27,257,258.2,253.4,255,54218
2020-11-30,253.2,256.8,250,252.2,309949
2020-12-01,252.6,257.2,248.2,251,97161
2020-12-02,252,256.2,247.2,253.6,164228
2020-12-03,254.8,256,248,249,115980
2020-12-04,249.8,269,249.8,265,164723
2020-12-07,266.4,269.8,258.2,269.8,136040
2020-12-08,269.8,278.8,267.4,270.8,159301
2020-12-09,275,275.2,256.6,260.8,275327
2020-12-10,261,266.8,259.4,260,77144
2020-12-11,257.4,266,256,257.2,126882
2020-12-14,257,268.8,256,263,136194
2020-12-15,262,264.8,259.2,261,98760
2020-12-16,262,275,259.6,274,211295
2020-12-17,276,287,268.4,273.6,163758
2020-12-18,279,285,277,282,277356
2020-12-21,282,286.4,274.4,278.2,117666
2020-12-22,280.6,280.6,271,275.2,58816
2020-12-23,276.2,282.8,275,279.8,47075
2020-12-28,282.8,283.6,278.4,283.6,49444
2020-12-29,284,292,282,290.6,120544
2020-12-30,293,295.8,285.6,289.4,104485
2021-01-04,292,301,286.2,293.6,145457
2021-01-05,292.8,295.6,285.6,287.2,123454
2021-01-07,292,293,276,280.4,340954
2021-01-08,282,287,277.6,279.8,281280
2021-01-11,279,284,274.8,274.8,212275
2021-01-12,274.2,274.8,268.2,269,191790
2021-01-13,273.2,274.2,262.2,266.4,260172
2021-01-14,265,270.2,261.2,261.8,148918
2021-01-15,260,263.2,256.4,257.6,247538
2021-01-18,257,262.4,253.4,262,226861
2021-01-19,263,267.4,261,263.8,183500
2021-01-20,265,269.6,256.8,259.6,209110
2021-01-21,259.6,264.8,256.4,260,116334
2021-01-22,259,271,257.4,270.2,115623
2021-01-25,270.2,274.8,260.4,262.2,194969
2021-01-26,262,268.8,261.6,265.4,250370
2021-01-27,265.4,270.8,262.8,268.8,162659
2021-01-28,269.8,273,261.2,264.2,196359
2021-01-29,262.6,265.6,258.2,262.8,236749
2021-02-01,267.2,267.2,257.2,261.4,129346
2021-02-02,262.8,265.8,257.4,258,182462
2021-02-03,262,262.8,255.4,258.4,187412
2021-02-04,259,267.2,258.8,265.8,141407
2021-02-05,264.4,265,260.4,263.2,98390
2021-02-08,263.2,270.4,259.6,265.8,118224
2021-02-09,265,271,265,267,295373
2021-02-10,267.4,270,260,260.8,157424
2021-02-11,261,270.2,259.4,268.2,134149
2021-02-12,268.2,270.6,262,266,80485
2021-02-15,267,270.8,265.2,267.2,50919
2021-02-16,266,267,250,253,330451
2021-02-17,254.6,257,241,242,626512
2021-02-18,242.4,249.8,242.4,247.2,386598
2021-02-19,248.8,253.8,247.4,251,149395
2021-02-22,249,251.8,245,250.2,89826
2021-02-23,249.4,249.4,237.4,241,290276
2021-02-24,240.6,250,238.2,247.4,188201
2021-02-25,248,248.4,241.2,245.2,182531
2021-02-26,245,246.8,242,246.2,196357
2021-03-01,250.6,253.2,242.2,248.8,161742
2021-03-02,248,248,240.4,243.4,163298
2021-03-03,243.4,246.6,241.2,242.2,95870
2021-03-04,240.8,246.2,235.6,244.4,229768
2021-03-05,244.6,247.6,241,244.8,337618
2021-03-08,245,245,239.2,242.4,256455
2021-03-09,244,258,241.2,256.2,306559
2021-03-10,258,260.6,253.4,255.8,117538
2021-03-11,259,266.4,255,265,182729
2021-03-12,270,270,255.4,259,214821
2021-03-15,258,260.8,251.4,254.6,117805
2021-03-16,258,259.4,255,258,108723
2021-03-17,255.6,259.6,244.4,249.4,378539
2021-03-18,250,255.8,248.4,251.6,157416
2021-03-19,250.6,254.6,247.6,248.4,251193
2021-03-22,248.4,256,248.4,256,120131
2021-03-23,257,257,250.2,250.6,103448
2021-03-24,248,251.4,246.6,250.2,88097
2021-03-25,250,255.6,246.6,253,117233
2021-03-26,253,261,249.4,260.8,195217
2021-03-29,260.6,261,254.4,258.6,98211
2021-03-30,259.6,259.6,252,253.4,104261
2021-03-31,255.8,266.4,254.2,260.6,177217
2021-04-01,263.7,265.4,261.2,264.3,66308
2021-04-06,264.5,270,261,269.2,147294
2021-04-07,269.5,269.5,264,268.3,109399
2021-04-08,269,269.6,263.8,266.6,198036
2021-04-09,265.4,266.9,261.2,265.7,87118
2021-04-12,265.8,265.9,260.3,261.9,104501
2021-04-13,263.3,264,259.2,261.6,147378
2021-04-14,262,263,260.5,261.6,119749
2021-04-15,260.1,262,256.1,257,107132
2021-04-16,256.3,262.8,256.1,262.1,162720
2021-04-19,260.4,262.2,256.2,257.1,141510
2021-04-20,257.9,260.9,255,257.3,131343
2021-04-21,257.3,259,250.2,251.1,123717
2021-04-22,252,254.2,249.9,250.2,123052
2021-04-23,250,250.6,243.1,244.5,135478
2021-04-26,248,257.8,247,256.5,110084
2021-04-27,258,259.8,247.1,247.6,160287
2021-04-28,247.7,249.6,244.1,247.4,146309
2021-04-29,250.5,250.5,243.4,243.4,516140
2021-04-30,246.1,248,243.5,246.2,155062
2021-05-04,248,248.6,244,244.9,116195
2021-05-05,245,258.8,244.8,256.5,172975
2021-05-06,255.5,256.6,246.2,247.3,154950
2021-05-07,253.6,256,251,254.1,96920
2021-05-10,255,258.3,251.1,256.5,136064
2021-05-11,256.8,277.8,256.3,273.4,335409
2021-05-12,272.4,276.9,269.3,275.9,152047
2021-05-13,273.6,274.7,266.3,270.8,125495
2021-05-14,271.7,273.3,266.1,271.4,115591
2021-05-17,271.7,281,268.5,272,100953
2021-05-18,271.4,275.3,270,275,71987
2021-05-19,273.6,277.9,271.8,274.6,99765
2021-05-20,279,279,270.1,274.6,173142
2021-05-21,274.1,279.4,270.2,277.3,98184
2021-05-24,279.4,286,273.8,284,231024
2021-05-25,285,285,274.6,280.1,129475
2021-05-26,283,289,278,280.4,68879
2021-05-27,280.1,286.4,280.1,283.9,274987
2021-05-28,284.8,289.1,281,285,88780
2021-05-31,285.9,286.3,279.9,284.6,68205
2021-06-01,286.8,291,283,283.8,73349
2021-06-02,284.1,287.4,283.5,286.1,50317
2021-06-04,288.6,291,283,286.6,116890
2021-06-07,286.7,290,284.7,286.1,44670
2021-06-08,286.1,286.9,281.9,282.9,85961
2021-06-09,282.4,283,278.7,279.8,73103
2021-06-10,276,277.8,269.1,271.7,108988
2021-06-11,271,272.3,263.6,264.4,166044
2021-06-14,265.4,271,265.4,270.2,101577
2021-06-15,274.2,275.2,267,269.2,89125
2021-06-16,268,274.9,268,270,67137
2021-06-17,268.4,271.6,267.1,269.2,63495
2021-06-18,269,274.6,267.8,274.3,258486
2021-06-21,274.5,276.1,269.5,270.2,50156
2021-06-22,272.6,275.1,268.5,275,81009
2021-06-23,275,276.9,271,272.8,99156
2021-06-24,271,276.5,271,274,102021
2021-06-25,271.8,281,271.8,278,73487
2021-06-28,279.9,280,273.9,276.6,115866
2021-06-29,278.2,280.1,275.1,278.6,93951
2021-06-30,278.9,283.8,275.6,279.9,165160
2021-07-01,282.6,283.9,276.6,280.9,98652
2021-07-02,283.8,289.4,279.1,287.1,91721
2021-07-05,287.9,287.9,283.1,286,56734
2021-07-06,287.4,299.8,287,297.5,351817
2021-07-07,299,306,295.7,305.6,157305
2021-07-08,303,305.3,297,300.3,184155
2021-07-09,301.9,301.9,291.8,292,93547
2021-07-12,291.8,302.8,291.8,300.3,84510
2021-07-13,302.5,304,300.3,304,53517
2021-07-14,302.4,305.9,299,300.4,80435
2021-07-15,299.7,304.4,296.3,299.3,105937
2021-07-16,299.3,303,295.2,299,58930
2021-07-19,298.9,300,296,300,41084
2021-07-20,301,310.7,300,310.5,214420
2021-07-21,310.7,311.6,305,306.3,188030
2021-07-22,306.1,306.3,297.3,298.7,88503
2021-07-23,301.9,307.4,300.2,302.5,58639
2021-07-26,304.2,304.9,297.2,299.4,69134
2021-07-27,299.3,301.3,292.2,296.4,57329
2021-07-28,295.5,305,295.5,299.7,196385
2021-07-29,301.1,306.5,298,305.5,126462
2021-07-30,304,311.4,302.4,308.3,110165
2021-08-02,308.3,309.8,302.8,307.5,140703
2021-08-03,310,318,308.1,313.4,164965
2021-08-04,311,316.3,307.5,309.5,88155
2021-08-05,309.4,313.7,309,311.4,81519
2021-08-06,310.6,313.2,304.9,308.1,63647
2021-08-09,307.3,311.7,305.4,311.5,49001
2021-08-10,312,312.7,307.5,312.1,57794
2021-08-11,313,318,308.1,309.6,112466
2021-08-12,310,322,310,322,110045
2021-08-13,321,322.6,317.4,321.4,59444
2021-08-16,321.4,339,320,331.2,227543
2021-08-17,335,342.5,332,340,272668
2021-08-18,340,340,332,334,153494
2021-08-19,333.8,339.3,330.1,338.5,114635
2021-08-20,329.2,330,313.1,320.7,255332
2021-08-23,322,330.7,320.4,327.2,104339
2021-08-24,326.6,326.6,317.3,317.3,135055
2021-08-25,316.8,321.9,316,318.1,113976
2021-08-26,321.5,329,317.1,326,155603
2021-08-27,327.3,327.3,318.1,320,254472
2021-08-30,320,326.2,317.7,323,65529
2021-08-31,323.7,328,321.3,324.6,174999
2021-09-01,324,327.6,322.8,323.3,71343
2021-09-02,324,333.9,321.2,331.7,93545
2021-09-03,334,334.3,325.4,328.2,36904
2021-09-06,328.1,339.8,328.1,339,117144
2021-09-07,339,339.9,335.8,338.3,115541
2021-09-08,338,338.3,331.6,335.4,124403
2021-09-09,336.3,341.3,335.2,340.6,81443
2021-09-10,342,345,339.2,340.3,61546
2021-09-13,342,342.1,331.6,337.5,112532
2021-09-14,338.6,339.5,331.1,339.1,118687
2021-09-15,334.5,338.2,331.5,332.2,101349
2021-09-16,331.5,336.3,330.5,334.5,131239
2021-09-17,334.6,335.8,331.5,332,528193
2021-09-20,332,347.4,331.6,347.1,211220
2021-09-21,347,347.9,340,343.6,168100
2021-09-22,343.6,347.2,342.3,347,68204
2021-09-23,348.6,349,343.5,348.8,111023
2021-09-24,346,349,330.1,333.6,223547
2021-09-27,336.5,336.8,327,329.1,84795
2021-09-28,326.8,330,321.7,323.3,121502
2021-09-29,323,334.8,322.1,330.2,60298
2021-09-30,334.5,334.5,323.7,332.2,290790
2021-10-01,330.8,335.6,325.3,333,208158
2021-10-04,332.1,334.6,329.1,331.9,152781
2021-10-05,331.9,341.4,329.2,340,90989
2021-10-06,340.9,348.5,339.8,347.9,234391
2021-10-07,344.6,352,344.6,351.5,176520
2021-10-08,353,355.9,347.9,348.9,203577
2021-10-11,350.5,356.7,344.2,354.8,134208
2021-10-12,355,362.9,352,362.8,174128
2021-10-13,365,370.3,356.6,370.3,195251
2021-10-14,368.5,368.5,343.1,349.7,414002
2021-10-15,349,361.3,345.5,360,255296
2021-10-18,360,361.4,355.3,361.3,166000
2021-10-19,361.7,369.6,360,369.6,154092
2021-10-20,369.7,370,364,368,233852
2021-10-21,369.9,376.3,367.5,374,163321
2021-10-22,369.8,373.5,365.4,368.2,132421
2021-10-25,369.4,374.8,369.3,374.8,83289
2021-10-26,375,376.8,361.4,365,346833
2021-10-27,364.5,365,350.4,357,470646
2021-10-28,356.2,362,352.4,358,134639
2021-10-29,356.3,357.3,351,356.4,110863
2021-11-02,359.5,364.1,356.5,362.8,172143
2021-11-03,364,365,358.3,358.8,96197
2021-11-04,359.3,362,356.8,360,228397
2021-11-05,325.4,364.1,306,353.8,504982
2021-11-08,352.3,362,352.1,355,257384
2021-11-09,356.9,357,345.3,347,187197
2021-11-10,349.7,349.7,340,341.3,165326
2021-11-12,342,342,334.4,336,243066
2021-11-15,335,345.8,333.2,335.4,150104
2021-11-16,337.4,338.2,333.2,335,169805
2021-11-17,336.8,336.8,331.6,335,273695
2021-11-18,336,336.6,330.6,335.8,106229
2021-11-19,337,338.4,331.6,336.4,136037
2021-11-22,337.9,337.9,334.9,335.1,44887
2021-11-23,336,337.9,332.2,332.2,97032
2021-11-24,332,336.7,330.5,334.8,84267
2021-11-25,335.6,337.8,334,335.9,74780
2021-11-26,335,342,333.9,334.7,226802
2021-11-29,337.6,340.7,332.4,335.6,99148
2021-11-30,339.5,344.9,334.4,342,140839
2021-12-01,340,341.4,334,338,118480
2021-12-02,337.5,340.5,334.6,338,84120
2021-12-03,337.9,343.8,333.6,335.7,85505
2021-12-06,337.1,338.1,331.3,337,81807
2021-12-07,335.3,341,334.9,336.2,183274
2021-12-08,338,347.3,336.4,344,204890
2021-12-09,342.2,345,336.3,338.2,74348
2021-12-10,342,342,334.2,335,80014
2021-12-13,335,345.9,335,338.8,189246
2021-12-14,344,348.6,340.5,346.3,210024
2021-12-15,348,348.7,343.1,348.7,103786
2021-12-16,349,352.3,344,348.6,95596
2021-12-17,347.5,348.8,341,347.5,349701
2021-12-20,344,351.6,336.3,349.1,89292
2021-12-21,353,353,346,346.6,45757
2021-12-22,347.3,357.7,347.3,356.7,73056
2021-12-23,357.7,358,353.1,355.6,31019
2021-12-27,355.5,359.6,353,355.4,26037
2021-12-28,352.2,359.1,351.6,359,43280
2021-12-29,357.5,361.5,357.2,358.9,36332
2021-12-30,359,367.5,356.7,367.3,81103
2022-01-03,368,368,359.1,362.3,79138
2022-01-04,363.7,365.8,354.2,360.5,163423
2022-01-05,360,363,355.2,357,155064
2022-01-07,361.3,361.8,345,347,200014
2022-01-10,346.4,348.6,341,346.3,121247
2022-01-11,346.3,358.8,343.2,353.7,172531
2022-01-12,357.5,362.2,348.6,352.6,199211
2022-01-13,350.5,360.7,349.1,358.9,134696
2022-01-14,359.3,359.3,351.2,354.3,151723
2022-01-17,351.4,353.5,346.9,346.9,128437
2022-01-18,346,347.6,337,338,85006
2022-01-19,338,347.4,338,342.5,84929
2022-01-20,343.5,344.5,335,335.3,67319
2022-01-21,335,350.4,335,347.2,245471
2022-01-24,347,353.8,342.4,344,328841
2022-01-25,348,349.1,339.1,342,162290
2022-01-26,342,346.8,340,340.5,133391
2022-01-27,339.3,339.3,315.1,317.7,259761
2022-01-28,316.2,322.1,304.6,305.1,273711
2022-01-31,306.6,315.5,302.2,314,281688
2022-02-01,315,320,310.6,312.5,183645
2022-02-02,312.5,325.7,312.5,322.9,263937
2022-02-03,322.9,323.6,308.4,311.8,125635
2022-02-04,310.1,315,302.2,303,166464
2022-02-07,305,310.5,301.4,302.1,86897
2022-02-08,302.3,314.3,301.4,305,197009
2022-02-09,307.4,307.8,293.4,299.4,229622
2022-02-10,299.8,301.6,290.1,293.5,265288
2022-02-11,292.5,292.5,281.4,282.4,235247
2022-02-14,275,289.3,272.2,281.5,215685
2022-02-15,285,297.9,284.6,296,143173
2022-02-16,297.3,298,290.6,293,127522
2022-02-17,294.3,296,291,296,82112
2022-02-18,296,296,290,290.1,80471
